Model,RMSE,MAE
GAM(log(CPUE+c)),16959.49542901558,10317.780082601525
GAM(log(CPUE+1)),16299.052749748756,9894.591752058233
GammaGAM,15942.679562468928,9383.467636493262
Tweedie_GLM,8835.183312028594,6080.676072334661
